[
    {
        "Date_de_sortie": "090",
        "Nom_equide": "FSFZ",
        "Motif": "FFZ",
        "Etape_eventuelle": "FEZ",
        "Lieu_destination": "FDZZ",
        "Date_retour": "11"
    },
    {
        "Date_de_sortie": "",
        "Nom_equide": "",
        "Motif": "",
        "Etape_eventuelle": "",
        "Lieu_destination": "",
        "Date_retour": ""
    },
    {
        "Date_de_sortie": "",
        "Nom_equide": "",
        "Motif": "",
        "Etape_eventuelle": "",
        "Lieu_destination": "",
        "Date_retour": ""
    }
]