{
  "Interventions": [
    {
      "Date": "2024-02-10",
      "Type intervention": "Vaccination",
      "Traitement": true,
      "Nom medicament": "VaccineX",
      "Voie administration": "Injection",
      "Date de debut": "2024-02-10",
      "Date de fin": "2024-02-12",
      "Nedeordonnance": "ABC123",
      "Delai deattente competition (facultatif)": "7 days",
      "Delai deattente abattage ou exclusion abattage": "14 days"
    },
    {
      "Date": "2024-03-05",
      "Type intervention": "Deworming",
      "Ne Transpondeur": "987654321",
      "Traitement": true,
      "Nom medicament": "DewormerY",
      "Voie administration": "Oral",
      "Dose (facultatif si ordonnance)": "1 tablet",
      "Date de debut": "2024-03-05",
      "Date de fin": "2024-03-06",
      "Nedeordonnance": "XYZ789",
      "Delai deattente competition (facultatif)": "10 days",
      "Delai deattente abattage ou exclusion abattage": "21 days"
    },
    {
      "Date": "12",
      "Type intervention": "12",
      "Traitement": "12",
      "Nom medicament": "NUN",
      "Voie administration": "OUI",
      "Date de debut": "09/09/2003",
      "Date de fin": "09/09/2012",
      "Nedeordonnance": "12121",
      "Delai deattente competition (facultatif)": "15",
      "Delai deattente abattage ou exclusion abattage": "15"
    },
    {
      "Date": "111",
      "Type intervention": "AZAZ",
      "Traitement": "ZZZZ",
      "Nom medicament": "ZZZZ",
      "Voie administration": "ZZZZ",
      "Date de debut": "ZZZ",
      "Date de fin": "ZZZ",
      "Nedeordonnance": "ZZZZ",
      "Delai deattente competition (facultatif)": "ZZZ",
      "Delai deattente abattage ou exclusion abattage": "ZZZ"
    }
  ]
}