{
    "lieux": [
        {
          "adresse":"OOOOOOOOOO",
          "ville": "Paris",
          "region": "Ilde de France",
          "departement": 75
          
        },
        {
          "adresse":"YYYYYYYY",
          "ville": "Bobigny",
          "race": "Ide-de-France",
          "departement": 93
          
        },
        {
          "adresse":"XXXXXX",
          "ville": "Marseilles",
          "region": "Rhones-Alpes",
          "departement": 13

        }
      ]

    }