{
    "caracteristiques_lieu_detention": [
        {
            "detenteur_equides": {
                "Sire": "111",
                "Statut Juridique": "AAZA",
                "Denomination": "ZZZ"
            },
            "coordonee_detenteur": {
                "Adresse": "OO",
                "Tel": "OOO",
                "Portable": "OOO",
                "mail": "OOO"
            },
            "responsable_registre_elevage": {
                "prenom": "OOO",
                "nom_usage": "OOO",
                "Adresse": "OOO",
                "tel": "OOO",
                "Portable": "OOO",
                "mail": "OOO"
            }
        },
        {
            "detenteur_equides": {
                "Sire": "9999",
                "Statut Juridique": "222",
                "Denomination": "OO"
            },
            "coordonee_detenteur": {
                "Adresse": "AAA",
                "Tel": "111",
                "Portable": "OOO",
                "mail": "OOO"
            },
            "responsable_registre_elevage": {
                "prenom": "OOO",
                "nom_usage": "OOO",
                "Adresse": "OOO",
                "tel": "111",
                "Portable": "OOO",
                "mail": "OOO"
            }
        },
        {
            "detenteur_equides": {
                "Sire": "",
                "Statut Juridique": "",
                "Denomination": ""
            },
            "coordonee_detenteur": {
                "Adresse": "",
                "Tel": "",
                "Portable": "",
                "mail": ""
            },
            "responsable_registre_elevage": {
                "prenom": "",
                "nom_usage": "",
                "Adresse": "",
                "tel": "",
                "Portable": "",
                "mail": ""
            }
        },
        {
            "detenteur_equides": {
                "Sire": "",
                "Statut Juridique": "",
                "Denomination": ""
            },
            "coordonee_detenteur": {
                "Adresse": "",
                "Tel": "",
                "Portable": "",
                "mail": ""
            },
            "responsable_registre_elevage": {
                "prenom": "",
                "nom_usage": "",
                "Adresse": "",
                "tel": "",
                "Portable": "",
                "mail": ""
            }
        },
        {
            "detenteur_equides": {
                "Sire": "",
                "Statut Juridique": "",
                "Denomination": ""
            },
            "coordonee_detenteur": {
                "Adresse": "",
                "Tel": "",
                "Portable": "",
                "mail": ""
            },
            "responsable_registre_elevage": {
                "prenom": "",
                "nom_usage": "",
                "Adresse": "",
                "tel": "",
                "Portable": "",
                "mail": ""
            }
        }
    ]
}