{
    "controle": [
        {
            "Date": "0987654321",
            "Organisme de controle": "KKKKKKKKKKKKK",
            "Motif de controle": "HHHHHHHHHHHHH",
            "Nom du controleur": "GGGGGGGGGG",
            "Cachet": "QQQQQQQQQ",
            "Signature": "AAAAAAAAAAAAAA"
        },
        {
            "Date": "",
            "Organisme de controle": "",
            "Motif de controle": "",
            "Nom du controleur": "",
            "Cachet": "",
            "Signature": ""
        },
        {
            "Date": "",
            "Organisme de controle": "",
            "Motif de controle": "",
            "Nom du controleur": "",
            "Cachet": "",
            "Signature": ""
        },
        {
            "Date": "",
            "Organisme de controle": "",
            "Motif de controle": "",
            "Nom du controleur": "",
            "Cachet": "",
            "Signature": ""
        }
    ]
}