[
    {
        "Lieu Habituel et coordonee de detention": "AAAA",
        "Nom et coordon\u00e9es du veterianire traitant": "999",
        "Nom et coordonn\u00e9es du veterinaire sanitaire": "AAA",
        "Nom et coordonn\u00e9es du referent bien-etre animal(pour les structures \u00e9quines professionnelles)": "999",
        "Nom, adresse et N\u00b0 de telephone desOrganisme(s) \u00e0 vocation sanitaire reconnu(s) et dessoci\u00e9t\u00e9s m\u00e8res (facultatif": "9999",
        "Nom, adresse et N\u00b0 de telephone du mar\u00e9chalferrant (facultatif)": "9999",
        "Nom, adresse et N\u00b0 de telephone du dentiste(facultatif)": "9999"
    },
    {
        "Lieu Habituel et coordonee de detention": "",
        "Nom et coordon\u00e9es du veterianire traitant": "",
        "Nom et coordonn\u00e9es du veterinaire sanitaire": "",
        "Nom et coordonn\u00e9es du referent bien-etre animal(pour les structures \u00e9quines professionnelles)": "",
        "Nom, adresse et N\u00b0 de telephone desOrganisme(s) \u00e0 vocation sanitaire reconnu(s) et dessoci\u00e9t\u00e9s m\u00e8res (facultatif": "",
        "Nom, adresse et N\u00b0 de telephone du mar\u00e9chalferrant (facultatif)": "",
        "Nom, adresse et N\u00b0 de telephone du dentiste(facultatif)": ""
    },
    {
        "Lieu Habituel et coordonee de detention": "",
        "Nom et coordon\u00e9es du veterianire traitant": "",
        "Nom et coordonn\u00e9es du veterinaire sanitaire": "",
        "Nom et coordonn\u00e9es du referent bien-etre animal(pour les structures \u00e9quines professionnelles)": "",
        "Nom, adresse et N\u00b0 de telephone desOrganisme(s) \u00e0 vocation sanitaire reconnu(s) et dessoci\u00e9t\u00e9s m\u00e8res (facultatif": "",
        "Nom, adresse et N\u00b0 de telephone du mar\u00e9chalferrant (facultatif)": "",
        "Nom, adresse et N\u00b0 de telephone du dentiste(facultatif)": ""
    },
    {
        "Lieu Habituel et coordonee de detention": "",
        "Nom et coordon\u00e9es du veterianire traitant": "",
        "Nom et coordonn\u00e9es du veterinaire sanitaire": "",
        "Nom et coordonn\u00e9es du referent bien-etre animal(pour les structures \u00e9quines professionnelles)": "",
        "Nom, adresse et N\u00b0 de telephone desOrganisme(s) \u00e0 vocation sanitaire reconnu(s) et dessoci\u00e9t\u00e9s m\u00e8res (facultatif": "",
        "Nom, adresse et N\u00b0 de telephone du mar\u00e9chalferrant (facultatif)": "",
        "Nom, adresse et N\u00b0 de telephone du dentiste(facultatif)": ""
    },
    {
        "Lieu Habituel et coordonee de detention": "",
        "Nom et coordon\u00e9es du veterianire traitant": "",
        "Nom et coordonn\u00e9es du veterinaire sanitaire": "",
        "Nom et coordonn\u00e9es du referent bien-etre animal(pour les structures \u00e9quines professionnelles)": "",
        "Nom, adresse et N\u00b0 de telephone desOrganisme(s) \u00e0 vocation sanitaire reconnu(s) et dessoci\u00e9t\u00e9s m\u00e8res (facultatif": "",
        "Nom, adresse et N\u00b0 de telephone du mar\u00e9chalferrant (facultatif)": "",
        "Nom, adresse et N\u00b0 de telephone du dentiste(facultatif)": ""
    },
    {
        "Lieu Habituel et coordonee de detention": "",
        "Nom et coordon\u00e9es du veterianire traitant": "",
        "Nom et coordonn\u00e9es du veterinaire sanitaire": "",
        "Nom et coordonn\u00e9es du referent bien-etre animal(pour les structures \u00e9quines professionnelles)": "",
        "Nom, adresse et N\u00b0 de telephone desOrganisme(s) \u00e0 vocation sanitaire reconnu(s) et dessoci\u00e9t\u00e9s m\u00e8res (facultatif": "",
        "Nom, adresse et N\u00b0 de telephone du mar\u00e9chalferrant (facultatif)": "",
        "Nom, adresse et N\u00b0 de telephone du dentiste(facultatif)": ""
    },
    {
        "Lieu Habituel et coordonee de detention": "",
        "Nom et coordon\u00e9es du veterianire traitant": "",
        "Nom et coordonn\u00e9es du veterinaire sanitaire": "",
        "Nom et coordonn\u00e9es du referent bien-etre animal(pour les structures \u00e9quines professionnelles)": "",
        "Nom, adresse et N\u00b0 de telephone desOrganisme(s) \u00e0 vocation sanitaire reconnu(s) et dessoci\u00e9t\u00e9s m\u00e8res (facultatif": "",
        "Nom, adresse et N\u00b0 de telephone du mar\u00e9chalferrant (facultatif)": "",
        "Nom, adresse et N\u00b0 de telephone du dentiste(facultatif)": ""
    }
]